,SSGADD.SPDRBBGBARCLAYSHIGHYIELDBONDETF.OPTADJDURATION.B,SSGADD.SPDRPORTFOLIOINTERMEDIATETERMCORPORATEBONDETF.OPTADJDURATION.B,,,,,
,SPDR BBG Barclays High Yield Bond ETF,SPDR Portfolio Intermediate Term Corporate Bond ETF,,,,,
2024-03-08,3.22,4.06,,,,,
2024-03-11,3.21,4.05,,,,,
2024-03-12,3.22,4.06,,,,,
2024-03-13,3.22,4.05,,,,,
2024-03-14,3.25,4.04,,,,,
2024-03-15,3.26,4.04,,,,,
2024-03-18,3.29,4.08,,,,,
2024-03-19,3.24,4.05,,,,,
2024-03-20,3.22,4.04,,,,,
2024-03-21,3.16,4.03,,,,,
2024-03-22,3.21,4.02,,,,,
2024-03-25,3.23,4.02,,,,,
2024-03-26,3.24,4.04,,,,,
2024-03-27,3.24,4.05,,,,,
2024-03-28,3.26,4.06,,,,,
2024-03-29,3.26,4.06,,,,,
2024-04-01,3.27,4.04,,,,,
2024-04-02,3.34,4.04,,,,,
2024-04-03,3.28,4.04,,,,,
2024-04-04,3.26,4.04,,,,,
2024-04-05,3.27,4.04,,,,,
2024-04-08,3.27,4.04,,,,,
2024-04-09,3.26,4.04,,,,,
2024-04-10,3.29,4.03,,,,,
2024-04-11,3.31,4.03,,,,,
2024-04-12,3.31,4.03,,,,,
2024-04-15,3.34,4.02,,,,,
2024-04-16,3.37,4.02,,,,,
2024-04-17,3.37,4.03,,,,,
2024-04-18,3.38,4.02,,,,,
2024-04-19,3.40,4.02,,,,,
2024-04-22,3.34,4.01,,,,,
2024-04-23,3.30,4.01,,,,,
2024-04-24,3.31,4.01,,,,,
2024-04-25,3.33,4.00,,,,,
2024-04-26,3.31,3.98,,,,,
2024-04-29,3.29,4.03,,,,,
2024-04-30,3.34,4.09,,,,,
2024-05-01,3.33,4.10,,,,,
2024-05-02,3.29,4.07,,,,,
2024-05-03,3.16,4.06,,,,,
2024-05-06,3.29,4.07,,,,,
2024-05-07,3.22,4.08,,,,,
2024-05-08,3.26,4.08,,,,,
2024-05-09,3.26,4.07,,,,,
2024-05-10,3.27,4.06,,,,,
2024-05-13,3.27,4.11,,,,,
2024-05-14,3.26,4.09,,,,,
2024-05-15,3.24,4.07,,,,,
2024-05-16,3.22,4.07,,,,,
2024-05-17,3.25,4.06,,,,,
2024-05-20,3.25,4.06,,,,,
2024-05-21,3.22,4.07,,,,,
2024-05-22,3.24,4.06,,,,,
2024-05-23,3.32,4.07,,,,,
2024-05-24,3.31,4.06,,,,,
2024-05-27,3.31,4.06,,,,,
2024-05-28,3.30,4.05,,,,,
2024-05-29,3.33,4.04,,,,,
2024-05-30,3.25,4.03,,,,,
2024-05-31,3.31,4.06,,,,,
2024-06-03,3.26,4.05,,,,,
2024-06-04,3.26,4.10,,,,,
2024-06-05,3.19,4.04,,,,,
2024-06-06,3.21,4.09,,,,,
2024-06-07,3.26,4.07,,,,,
2024-06-10,3.26,4.04,,,,,
2024-06-11,3.25,4.03,,,,,
2024-06-12,3.07,4.03,,,,,
2024-06-13,3.26,4.07,,,,,
2024-06-14,3.22,4.03,,,,,
2024-06-17,3.22,4.02,,,,,
2024-06-18,3.21,4.04,,,,,
2024-06-19,3.21,4.04,,,,,
2024-06-20,3.22,4.03,,,,,
2024-06-21,3.21,4.03,,,,,
2024-06-24,3.20,4.02,,,,,
2024-06-25,3.20,4.02,,,,,
2024-06-26,3.23,4.02,,,,,
2024-06-27,3.27,4.02,,,,,
2024-06-28,3.27,4.08,,,,,
2024-07-01,3.29,4.12,,,,,
2024-07-02,3.22,4.02,,,,,
2024-07-03,3.21,4.04,,,,,
2024-07-04,3.21,4.04,,,,,
2024-07-05,3.17,4.04,,,,,
2024-07-08,3.16,4.03,,,,,
2024-07-09,3.17,4.02,,,,,
2024-07-10,3.16,4.01,,,,,
2024-07-11,3.12,4.01,,,,,
2024-07-12,3.11,4.01,,,,,
2024-07-15,3.12,4.01,,,,,
2024-07-16,3.09,4.01,,,,,
2024-07-17,3.10,4.01,,,,,
2024-07-18,3.12,4.01,,,,,
2024-07-19,3.13,4.01,,,,,
2024-07-22,3.12,4.01,,,,,
2024-07-23,3.13,4.00,,,,,
2024-07-24,3.13,4.08,,,,,
2024-07-25,3.14,4.03,,,,,
2024-07-26,3.12,4.01,,,,,
2024-07-29,3.12,4.02,,,,,
2024-07-30,3.12,4.00,,,,,
2024-07-31,3.15,4.06,,,,,
2024-08-01,3.16,4.06,,,,,
2024-08-02,3.17,4.08,,,,,
2024-08-05,3.21,4.04,,,,,
2024-08-06,3.18,4.06,,,,,
2024-08-07,3.17,4.05,,,,,
2024-08-08,3.17,4.05,,,,,
2024-08-09,3.16,4.05,,,,,
2024-08-12,3.15,4.06,,,,,
2024-08-13,3.14,4.04,,,,,
2024-08-14,3.13,4.04,,,,,
2024-08-15,3.14,4.02,,,,,
2024-08-21,3.02,4.06,,,,,
2024-08-22,3.08,4.07,,,,,
2024-08-23,3.03,4.06,,,,,
2024-08-26,3.01,4.05,,,,,
2024-08-27,3.02,4.05,,,,,
2024-08-28,3.02,4.05,,,,,
2024-08-29,3,4.04,,,,,
2024-08-30,3.06,4.07,,,,,
2024-09-02,3.06,4.07,,,,,
2024-09-03,3.03,3.94,,,,,
2024-09-04,3.04,4.11,,,,,
2024-09-05,3.01,4.11,,,,,
2024-09-06,3.03,4.11,,,,,
2024-09-09,3.02,4.12,,,,,
2024-09-10,3.02,4.11,,,,,
2024-09-11,3.03,4.11,,,,,
2024-09-12,3.03,4.11,,,,,
2024-09-13,3.02,4.13,,,,,
2024-09-16,3,4.14,,,,,
2024-09-17,2.99,4.11,,,,,
2024-09-18,3,4.11,,,,,
2024-09-19,2.98,4.11,,,,,
2024-09-20,3,4.12,,,,,
2024-09-23,3.04,4.07,,,,,
2024-09-24,3.02,4.1,,,,,
2024-09-25,3.04,4.09,,,,,
2024-09-26,3.03,4.1,,,,,
2024-09-27,3.01,4.1,,,,,
2024-09-30,3.02,4.11,,,,,
2024-10-01,3.02,4.11,,,,,
2024-10-02,3.03,4.11,,,,,
2024-10-03,3.05,4.09,,, ,,
2024-10-04,3.06,4.11,,,,,
2024-10-07,3.09,4.1,,,,,
2024-10-08,3.09,4.1,,,,,
2024-10-09,3.1,4.1,,,,,
2024-10-10,3.11,4.1,,,,,
2024-10-11,3.11,4.1,,,,,
2024-10-15,3.07,4.1,,,,,
2024-10-16,3.06,4.09,,,,,
2024-10-17,3.08,4.08,,,,,
2024-10-18,3.08,4.08,,,,,
2024-10-21,3.11,4.07,,,,,
2024-10-22,3.13,4.09,,,,,
2024-10-23,3.15,4.08,,,,,
2024-10-24,3.19,4.09,,,,,
2024-10-25,3.16,4.08,,,,,
2024-10-28,3.15,4.07,,,,,
2024-10-29,3.15,4.07,,,,,
2024-10-30,3.15,4.09,,,,,
2024-10-31,3.22,4.12,,,,,
2024-11-01,3.21,4.1,,,,,
2024-11-04,3.17,4.09,,,,,
2024-11-05,3.17,4.09,,,,,
2024-11-06,3.17,4.09,,,,,
2024-11-07,3.14,4.09,,,,,
2024-11-08,3.09,4.09,,,,,
2024-11-12,3.14,4.08,,,,,
2024-11-13,3.12,4.09,,,,,
2024-11-14,3.13,4.08,,,,,
2024-11-15,3.16,4.08,,,,,
2024-11-18,3.12,4.07,,,,,
2024-11-19,3.14,4.07,,,,,
2024-11-20,3.14,4.08,,,,,
2024-11-21,3.07,4.15,,,,,
2024-11-22,3.12,4.09,,,,,
2024-11-25,3.06,4.11,,,,,
2024-11-26,3.08,4.1,,,,,
2024-11-27,3.07,4.11,,,,,
2024-11-28,3.07,4.11,,,,,
2024-11-29,3.09,4.11,,,,,
2024-12-02,3.07,4.11,,,,,
2024-12-03,3.06,4.09,,,,,
2024-12-04,3.05,4.09,,,,,
2024-12-05,3.05,4.09,,,,,
2024-12-06,3.04,4.1,,,,,
2024-12-09,3.03,4.08,,,,,
2024-12-10,3.04,4.08,,,,,
2024-12-11,3.05,4.08,,,,,
2024-12-12,3.07,4.08,,,,,
2024-12-13,3.1,4.09,,,,,
2024-12-16,3.1,4.08,,,,,
2024-12-17,3.12,4.07,,,,,
2024-12-18,3.19,4.1,,,,,
2024-12-19,3.23,4.09,,,,,
2024-12-20,3.21,4.09,,,,,
2024-12-23,3.2,4.07,,,,,
2024-12-24,3.2,4.07,,,,,
2024-12-25,3.2,4.07,,,,,
2024-12-26,3.18,4.06,,,,,
2024-12-27,3.2,4.06,,,,,
2024-12-30,3.19,4.05,,,,,
2024-12-31,3.27,4.06,,,,,
2025-01-01,3.27,4.06,,,,,
2025-01-02,3.18,4.06,,,,,
2025-01-03,3.16,4.06,,,,,
2025-01-06,3.14,4.07,,,,,
2025-01-07,3.17,4.06,,,,,
2025-01-08,3.17,4.07,,,,,
2025-01-09,3.17,4.07,,,,,
2025-01-10,3.2,4.06,,,,,
2025-01-13,3.21,4.05,,,,,
2025-01-14,3.21,4.05,,,,,
2025-01-15,3.13,4.05,,,,,
2025-01-16,3.12,4.18,,,,,
2025-01-17,3.11,4.06,,,,,
2025-01-20,3.11,4.06,,,,,
2025-01-21,3.08,4.04,,,,,
2025-01-22,3.08,4.03,,,,,
2025-01-23,3.1,4.02,,,,,
2025-01-24,3.1,4.01,,,,,
2025-01-27,3.07,3.99,,,,,
2025-01-28,3.06,3.99,,,,,
2025-01-29,3.08,3.99,,,,,
2025-01-30,3.08,4,,,,,
2025-01-31,3.12,4.01,,,,,
2025-02-03,3.13,4,,,,,
2025-02-04,3.11,3.99,,,,,
2025-02-05,3.05,4.01,,,,,
2025-02-06,3.06,4.02,,,,,
2025-02-07,3.09,4.01,,,,,
2025-02-10,3.09,4.02,,,,,
2025-02-11,3.11,4.01,,,,,
2025-02-12,3.1,3.99,,,,,
2025-02-13,3.09,4.01,,,,,
2025-02-14,3.06,4.01,,,,,
2025-02-17,3.06,4.01,,,,,
2025-02-18,3.09,4.01,,,,,
2025-02-19,3.14,4,,,,,
2025-02-20,3.11,4.02,,,,,
2025-02-21,3.1,4.02,,,,,
2025-02-24,3.1,4.02,,,,,
2025-02-25,2.97,3.85,,,,,
2025-02-26,3.06,4.16,,,,,
2025-02-27,3.09,4.1,,,,,
2025-02-28,3.08,4.09,,,,,
2025-03-03,3.07,4.11,,,,,
2025-03-04,3.09,4.1,,,,,
2025-03-05,3.1,4.09,,,,,
2025-03-06,3.13,4.1,,,,,
2025-03-07,3.11,4.07,,,,,
2025-03-10,3.12,4.07,,,,,
2025-03-11,3.22,4.07,,,,,
2025-03-12,3.14,4.08,,,,,
2025-03-13,3.19,4.08,,,,,
2025-03-14,3.17,4.06,,,,,
2025-03-17,3.15,4.06,,,,,
2025-03-18,3.13,4.07,,,,,
2025-03-19,3.13,4.07,,,,,
2025-03-20,3.11,4.08,,,,,
2025-03-21,3.12,4.08, ,,,,
2025-03-24,3.11,4.08,,,,,
2025-03-25,3.11,4.08,,,,,
2025-03-26,3.14,4.08,,,,,
2025-03-27,3.17,4.07,,,,,
2025-03-28,3.17,4.12,,,,,
2025-03-31,3.18,4.11,,,,,
2025-04-01,3.15,4.11,,,,,
2025-04-02,3.13,4.11,,,,,
2025-04-03,3.18,4.09,,,,,
2025-04-04,3.3,4.09,,,,,
2025-04-07,3.33,4.07,,,,,
2025-04-08,3.36,4.07,,,,,
2025-04-09,3.32,4.05,,,,,
2025-04-10,3.47,4.05,,,,,
2025-04-11,3.31,4.06,,,,,
2025-04-14,3.26,4.05,,,,,
2025-04-15,3.24,4.07,,,,,
2025-04-16,3.24,4.08,,,,,
2025-04-17,3.22,4.07,,,,,
2025-04-18,3.22,4.07,,,,,
2025-04-21,3.25,4.05,,,,,
2025-04-22,3.22,4.06,,,,,
2025-04-23,3.17,4.06,,,,,
2025-04-24,3.13,4.06,,,,,
2025-04-25,3.1,4.06,,,,,
2025-04-28,3.09,4.08,,,,, 
2025-04-29,3.08,4.09,,,,,
2025-04-30,3.13,4.1,,,,,
2025-05-01,3.1,4.11,,,,,
2025-05-02,3.09,4.08,,,,,
2025-05-05,3.09,4.09,,,,,
2025-05-06,3.1,4.11,,,,,
2025-05-07,3.09,4.1,,,,,
2025-05-08,3.09,4.07,,,,,
2025-05-09,3.1,4.08,,,,,
2025-05-12,3.05,4.08,,,,,
2025-05-13,3.03,4.06,,,,,
2025-05-14,3.06,4.06,,,,,
2025-05-15,3.07,4.07,,,,,
2025-05-16,3.06,4.07,,,,,
2025-05-19,3.06,4.07,,,,,
2025-05-20,3.06,4.08,,,,,
2025-05-21,3.11,4.08,,,,,
2025-05-22,3.1,4.08,,,,,
2025-05-23,3.11,4.07,,,,,
2025-05-26,3.11,4.07,,,,,
2025-05-27,3.03,4.08,,,,,
2025-05-28,3.04,4.07,,,,,
2025-05-29,3.02,4.1,,,,,
2025-05-30,3.06,4.13,,,,,
2025-06-02,3.05,4.11,,,,,
2025-06-03,3.04,4.12,,,,,
2025-06-04,3.01,4.12,,,,,
2025-06-05,3.02,4.12,,,,,
2025-06-06,3.04,4.1,,,,,
2025-06-09,3.03,4.1,,,,,
2025-06-10,3.02,4.12,,,,,
2025-06-11,3.01,4.12,,,,,
2025-06-12,3.01,4.13,,,,,
2025-06-13,3.02,4.11,,,,,
2025-06-16,3.01,4.11,,,,,
2025-06-17,3.02,4.11,,,,,
2025-06-18,3.02,4.1,,,,,
2025-06-19,3.02,4.1,,,,,
2025-06-20,2.98,4.09,,,,,
2025-06-23,2.95,4.09,,,,,
2025-06-24,2.91,4.1,,,,,
2025-06-25,2.91,4.1,,,,,
2025-06-26,2.9,4.1,,,,,
2025-06-27,2.92,4.09,,,,,
2025-06-30,2.91,4.11,,,,,
2025-07-01,2.92,4.1,,,,,
2025-07-02,2.92,4.09,,,,,
2025-07-03,2.93,4.12,,,,,
2025-07-04,2.93,4.12,,,,,
2025-07-07,2.93,4.08,,,,,
2025-07-08,2.97,4.08,,,,,
2025-07-09,2.96,4.08,,,,,
2025-07-10,2.95,4.08,,,,,
2025-07-11,3,4.09,,,,,
2025-07-14,3,4.07,,,,,
2025-07-15,3.03,4.07,,,,,
2025-07-16,3.08,4.08,,,,,
2025-07-17,3.05,4.07,,,,,
2025-07-18,3.03,4.08,,,,,
2025-07-21,3.05,4.08,,,,,
2025-07-22,2.99,4.07,,,,,
2025-07-23,2.97,4.06,,,,,
2025-07-24,2.99,4.05,,,,,
2025-07-25,2.99,4.04,,,,,
2025-07-28,2.98,4.05,,,,,
2025-07-29,2.95,4.05,,,,,
2025-07-30,3.01,4.06,,,,,
2025-07-31,2.99,4.1,,,,,
2025-08-01,3,4.08,,,,,
2025-08-04,2.97,4.1,,,,,
2025-08-05,2.96,4.09,,,,,
2025-08-06,2.99,4.08,,,,,
2025-08-07,2.97,4.09,,,,,
2025-08-08,3.01,4.08,,,,,
2025-08-11,3.05,4.09,,,,,
2025-08-12,3,4.09,,,,,
2025-08-13,2.94,4.1,,,,,
2025-08-14,2.99,4.1,,,,,
2025-08-15,3.01,4.1,,,,,
2025-08-18,2.99,4.09,,,,,
2025-08-19,3.03,4.1,,,,,
2025-08-20,3,4.09,,,,,
2025-08-21,3.02,4.09,,,,,
2025-08-22,2.95,4.09,,,,,
2025-08-25,2.94,4.08,,,,,
2025-08-26,2.92,4.08,,,,,
2025-08-27,2.91,4.08,,,,,
2025-08-28,2.89,4.07,,,,,
2025-08-29,2.94,4.1,,,,,
2025-09-01,2.94,4.1,,,,,
2025-09-02,2.98,4.1,,,,,
2025-09-03,2.95,4.11,,,,,
2025-09-04,2.92,4.1,,,,,
2025-09-05,2.9,4.1,,,,,
2025-09-08,2.88,4.12,,,,,
2025-09-09,2.91,4.08,,,,,
2025-09-10,2.9,4.09,,,,,
2025-09-11,2.87,4.08,,,,,
2025-09-12,2.89,4.08,,,,,
2025-09-15,2.87,4.07,,,,,
2025-09-16,2.88,4.07,,,,,
2025-09-17,2.9,4.07,,,,,
2025-09-18,2.9,4.08,,,,,
2025-09-19,2.9,4.07,,,,,
2025-09-22,2.89,4.07,,,,,
2025-09-23,2.9,4.07,,,,,
2025-09-24,2.9,4.07,,,,,
2025-09-25,2.99,4.06,,,,,
2025-09-26,2.98,4.05,,,,,
2025-09-29,2.97,4.05,,,,,
2025-09-30,2.99,4.07,,,,,
2025-10-01,2.97,4.08,,,,,
2025-10-02,2.96,4.06,,,,,
2025-10-03,2.96,4.06,,,,,
2025-10-06,2.95,4.06,,,,,
2025-10-07,2.96,4.07,,,,,
2025-10-08,2.96,4.07,,,,,
2025-10-09,3,4.07,,,,,
2025-10-10,3.05,4.08,,,,,
2025-10-13,3.05,4.08,,,,,
2025-10-14,3.05,4.08,,,,,
2025-10-15,2.96,4.08,,,,,
2025-10-16,2.96,4.08,,,,,
2025-10-17,2.99,4.09,,,,,
2025-10-20,2.96,4.09,,,,,
2025-10-21,2.94,4.1,,,,,
2025-10-22,2.95,4.1,,,,,
2025-10-23,2.95,4.09,,,,,
2025-10-24,2.92,4.08,,,,,
2025-10-27,2.88,4.09,,,,,
2025-10-28,2.89,4.11,,,,,
2025-10-29,2.91,4.09,,,,,
2025-10-30,2.97,4.09,,,,,
2025-10-31,2.99,4.13,,,,,
2025-11-03,2.98,4.12,,,,,
2025-11-04,3.06,4.13,,,,,
2025-11-05,3.05,4.12,,,,,
2025-11-06,3.01,4.14,,,,,
2025-11-07,3.02,4.14,,,,,
2025-11-10,2.96,4.12,,,,,
2025-11-11,2.96,4.12,,,,,
2025-11-12,2.93,4.12,,,,,
2025-11-13,2.99,4.12,,,,,
2025-11-14,3,4.12,,,,,
2025-11-17,3.04,4.13,,,,,
2025-11-18,3.02,4.11,,,,,
2025-11-19,3,4.12,,,,,
2025-11-20,3,4.11,,,,,
2025-11-21,2.99,4.1,,,,,
2025-11-24,2.99,4.1,,,,,
2025-11-25,2.91,4.08,,,,,
2025-11-26,2.85,4.08,,,,,
2025-11-27,2.85,4.08,,,,,
2025-11-28,2.85,4.08,,,,,
2025-12-01,2.91,4.08,,,,,
2025-12-02,2.9,4.09,,,,,
2025-12-03,2.88,4.08,,,,,
2025-12-04,2.9,4.07,,,,,
2025-12-05,2.9,4.07,,,,,
2025-12-08,2.92,4.06,,,,,
2025-12-09,2.95,4.05,,,,,
2025-12-10,2.96,4.04,,,,,
2025-12-11,2.92,4.05,,,,,
2025-12-12,2.94,4.04,,,,,
2025-12-15,2.94,4.02,,,,,
2025-12-16,2.94,4.02,,,,,
2025-12-17,2.98,4.05,,,,,
2025-12-18,2.95,4.05,,,,,
2025-12-19,2.94,4.03,,,,,
2025-12-22,2.93,4.01,,,,,
2025-12-23,2.92,4.01,,,,,
2025-12-24,2.9,4,,,,,
2025-12-25,2.9,4,,,,,
2025-12-26,2.91,4,,,,,
2025-12-29,2.89,3.99,,,,,
2025-12-30,2.89,3.99,,,,,
2025-12-31,2.88,3.99,,,,,
2026-01-01,2.88,3.99,,,,,
2026-01-02,2.9,3.99,,,,,
2026-01-05,2.86,3.98,,,,,
2026-01-06,2.86,4,,,,,
2026-01-07,2.87,4.03,,,,,
2026-01-08,2.89,4.03,,,,,
2026-01-09,2.87,4.03,,,,,
2026-01-12,2.88,4.01,,,,,
2026-01-13,2.87,4.01,,,,,